,Area,N20pc
0,Afghanistan,0.000433750202797825
1,Albania,0.001317929394132039
2,Algeria,0.0006829488210307977
3,American Samoa,0.0
4,Andorra,0.0004385906442883233
5,Angola,0.0018518182771354935
6,Anguilla,0.0001053949015216389
7,Antigua and Barbuda,0.0008654748652129307
8,Argentina,0.0037034312646064506
9,Armenia,0.0014384692428179658
10,Aruba,0.0004982918404711123
11,Australia,0.011250158631791293
12,Austria,0.0015846365476754572
13,Azerbaijan,0.0013155056448043156
14,The Bahamas,0.0007036471214662135
15,Bahrain,0.0006330764989847647
16,Bangladesh,0.0006178223036371102
17,Barbados,0.0007933840565201224
18,Belarus,0.010667630405378783
19,Belgium,0.0029196159004663894
20,Belize,0.001520156203378474
21,Benin,0.000844909792848533
22,Bermuda,2.5168709002532605e-05
23,Bhutan,0.0008349341815204383
24,Bolivia,0.0026421341434258315
25,Bosnia and Herzegovina,0.0013629482881384795
26,Botswana,0.0032281434880919503
27,Brazil,0.0028992390950508444
28,British Virgin Islands,0.000494478325366738
29,Brunei,0.0009774934718633857
30,Bulgaria,0.0020452744817617483
31,Burkina Faso,0.0016459596886595283
32,Burundi,0.0004972648821870363
33,Cape Verde,0.0004690109628467688
34,Cambodia,0.0010456818176428956
35,Cameroon,0.0008520084363414442
36,Canada,0.004438052456721371
37,Cayman Islands,0.0
38,Central African Republic,0.00567190339916542
39,Chad,0.005424459168391095
40,Chile,0.0013084974694475562
41,China,0.0011092455796700247
42,Hong Kong S.A.R.,0.0002789928029667629
43,Macao S.A.R,0.0001720453892603738
44,"China, mainland",0.0011188723176978363
45,Taiwan,0.0008217966773840801
46,Colombia,0.0014336456341128667
47,Comoros,0.0003015536259215033
48,Republic of Congo,0.0011373882525139395
49,Cook Islands,0.0006897351185301108
50,Costa Rica,0.001247615922601748
51,Ivory Coast,0.0004949245288732386
52,Croatia,0.0020818005593097925
53,Cuba,0.0012296433586705935
54,Cyprus,0.0010513352548466525
55,Czech Republic,0.002103840176834549
56,North Korea,0.00038257442064167736
57,Democratic Republic of the Congo,0.0006040486589585824
58,Denmark,0.0033141565190128266
59,Djibouti,0.0009195060906282455
60,Dominica,0.0008062352625559494
61,Dominican Republic,0.0011230286736436874
62,Ecuador,0.0010320662034388063
63,Egypt,0.0007812223092821805
64,El Salvador,0.0006081567894165105
65,Equatorial Guinea,0.00010884826551786811
66,Eritrea,0.0017064330316534577
67,Estonia,0.004654320091245458
68,Swaziland,0.0012938329650784021
69,Ethiopia,0.001501206188048931
70,Falkland Islands,1.0772975929978117
71,Faroe Islands,0.0038838190560298302
72,Fiji,0.0008253572376811215
73,Finland,0.0048766911777637445
74,France,0.0021489282895272347
75,French Guyana,0.00015507126410190604
76,French Polynesia,0.00014247024589558006
77,Gabon,0.0009987627804957271
78,Gambia,0.000558996709907416
79,Georgia,0.0016444235319067154
80,Germany,0.0016023473360144533
81,Ghana,0.0006186104136937098
82,Gibraltar,0.0
83,Greece,0.0015160903921286307
84,Greenland,0.0
85,Grenada,0.00038165432787800197
86,Guadeloupe,0.000333617657004709
87,Guam,0.0
88,Guatemala,0.0009801974768690845
89,Guinea,0.0017030371655160901
90,Guinea Bissau,0.0014778007797584878
91,Guyana,0.0025240797745170675
92,Haiti,0.0005374658306288872
93,Holy See,0.0005586592178770949
94,Honduras,0.0010817075723614678
95,Hungary,0.002871120308810295
96,Iceland,0.0037883982252242547
97,India,0.0006943793311774515
98,Indonesia,0.0009903393361339133
99,Iran,0.0010979978617003834
100,Iraq,0.0006244681663533766
101,Ireland,0.006852032689165617
102,Isle of Man,0.0001706953148313936
103,Israel,0.0008769130145475371
104,Italy,0.0010058849391068503
105,Jamaica,0.0005476139247146437
106,Japan,0.0005690286105201639
107,Jordan,0.0005285727875072958
108,Kazakhstan,0.0021761184898192636
109,Kenya,0.0012358021403349017
110,Kiribati,0.00019384758835605794
111,Kuwait,0.000834571601633935
112,Kyrgyzstan,0.0010676639199780702
113,Laos,0.0013574372773224963
114,Latvia,0.003992085264229217
115,Lebanon,0.0007182684660095829
116,Lesotho,0.0009822489998939953
117,Liberia,0.00036202872709505135
118,Libya,0.0010498019927466036
119,Liechtenstein,0.00029857782666771433
120,Lithuania,0.007676814105630903
121,Luxembourg,0.00195735245010388
122,Madagascar,0.0009436671934756883
123,Malawi,0.0008639210082076414
124,Malaysia,0.0009778923729487617
125,Maldives,0.00033649271681115983
126,Mali,0.002317839333996111
127,Malta,0.00031815389372358044
128,Marshall Islands,0.00021309443562591055
129,Martinique,9.550716170322883e-05
130,Mauritania,0.002542550282013865
131,Mauritius,0.000853416871175353
132,Mayotte,0.0
133,Mexico,0.0031561528432696726
134,Micronesia (Federated States of),0.0005012215020418465
135,Monaco,0.00046990196872721373
136,Mongolia,0.014966414253390733
137,Montenegro,0.0013196506481063575
138,Montserrat,0.0
139,Morocco,0.000861017062940987
140,Mozambique,0.001159401898009501
141,Myanmar,0.0014305164617166586
142,Namibia,0.00411363938678461
143,Nauru,0.0001677289500167729
144,Nepal,0.0008618882458278598
145,Netherlands,0.0025584804202141817
146,New Caledonia,0.0008452681830946363
147,New Zealand,0.01050084261198555
148,Nicaragua,0.001731405444694368
149,Niger,0.0017511006084140813
150,Nigeria,0.0007294406667698216
151,Niue,0.0005829358770535241
152,Macedonia,0.0009224075238550815
153,Northern Mariana Islands,0.0
154,Norway,0.0028019772905246675
155,Oman,0.0009686476684016651
156,Pakistan,0.0010375527486437208
157,Palau,0.004388714733542319
158,Palestine,0.00010352619587322734
159,Panama,0.0010283163935941497
160,Papua New Guinea,0.0006883850076753412
161,Paraguay,0.005042145922107333
162,Peru,0.0009679901318919199
163,Philippines,0.00043554026866420486
164,Poland,0.002587903152261349
165,Portugal,0.0011830218851905789
166,Puerto Rico,0.00024740387115355824
167,Qatar,0.0009106411463054607
168,South Korea,0.0008935539864039832
169,Moldova,0.001322220089711847
170,RÃ©union,0.00042627023110178953
171,Romania,0.0020271250005674053
172,Russia,0.0019376797590134748
173,Rwanda,0.0004940548083724231
174,"Saint Helena, Ascension and Tristan da Cunha",0.0001644736842105263
175,Saint Kitts and Nevis,0.0006030024496974519
176,Saint Lucia,0.0004705207771181867
177,Saint Pierre and Miquelon,0.0
178,Saint Vincent and the Grenadines,0.00035523978685612787
179,Samoa,0.000991411581251401
180,San Marino,0.00033961822227427096
181,Sao Tome and Principe,0.00032458929517753044
182,Saudi Arabia,0.0009346814691691302
183,Senegal,0.0011583887905861922
184,Republic of Serbia,0.0017034180820676536
185,Seychelles,0.0007904869981862446
186,Sierra Leone,0.000581470119182866
187,Singapore,0.00023926238666982427
188,Slovakia,0.002143243349927342
189,Slovenia,0.0013700874295558623
190,Solomon Islands,0.00017671623316834763
191,Somalia,0.0014805762653838852
192,South Africa,0.0011984345557832727
193,South Sudan,0.0072733243940619864
194,Spain,0.0016793645876928263
195,Sri Lanka,0.00034057266883248975
196,Sudan,0.0023669054109045633
197,Suriname,0.0012610427562045762
198,Sweden,0.0028449569182088536
199,Switzerland,0.0009706341020436592
200,Syria,0.0006414112153627108
201,Tajikistan,0.0007389025487361489
202,Thailand,0.0012165636722473161
203,East Timor,0.0007754518185672566
204,Togo,0.0007875050067238919
205,Tokelau,0.00018507094386181367
206,Tonga,0.0015501664289110794
207,Trinidad and Tobago,0.0007174809215602484
208,Tunisia,0.00095452617652114
209,Turkey,0.0021494166887334304
210,Turkmenistan,0.0035238693198062477
211,Turks and Caicos Islands,0.0002723744787523802
212,Tuvalu,0.0004233778186838472
213,Uganda,0.0010048778290559443
214,Ukraine,0.0021081309643850962
215,United Arab Emirates,0.000945540503682153
216,United Kingdom,0.0015802644929756515
217,United Republic of Tanzania,0.0013792957302804526
218,United States of America,0.002976196151865907
219,United States Virgin Islands,0.0
220,Uruguay,0.007676912042513632
221,Uzbekistan,0.0015159273575716366
222,Vanuatu,0.0011920699096529409
223,Venezuela,0.0014044084801764442
224,Vietnam,0.0009349262645587868
225,Wallis and Futuna,0.0
226,Western Sahara,0.0
227,Yemen,0.0005102480754380416
228,Zambia,0.0024225812523095986
229,Zimbabwe,0.0012494266612738723
