,Area,CO2pc,N20pc,CH4pc,CO2pc_n,N20pc_n,CH4pc_n,Total_emissions
0,Afghanistan,0.23676100908708705,0.000433750202797825,0.01732985098939171,-0.7791049622215112,-0.6191623536840054,-0.4682832748431755,-1.8665505907486921
1,Albania,1.8639783692322558,0.001317929394132039,0.03786249836201644,-0.49779097064901356,-0.17360092124654544,-0.2744119201477521,-0.9458038120433112
2,Algeria,4.324232111297618,0.0006829488210307977,0.07820212637644276,-0.0724613143824185,-0.49358453598647367,0.1064789698157738,-0.4595668805531184
3,Andorra,6.34010104915148,0.0004385906442883233,0.016349166144534945,0.2760429182322638,-0.6167231263585109,-0.47754300136315364,-0.8182232094894007
4,Angola,0.8540768323169627,0.0018518182771354935,0.06766792226513071,-0.6723831544611969,0.09543989966951409,0.007013938120881506,-0.5699293166708014
5,Anguilla,9.683156577300574,0.0001053949015216389,0.010131084908767539,0.8539917022768401,-0.7846293312140725,-0.5362547598084708,-0.46689238874570327
6,Antigua and Barbuda,5.6549451029183855,0.0008654748652129307,0.026315674590181824,0.157592882726701,-0.4016048032580732,-0.38343821015551405,-0.6274501306868863
7,Argentina,4.339918794235891,0.0037034312646064506,0.11010398032170149,-0.06974939432798628,1.0285169762431436,0.40769953477364873,1.366467116688806
8,Armenia,2.4797668441000833,0.0014384692428179658,0.022291778377800976,-0.39133321148772066,-0.11285768257650652,-0.42143224938925433,-0.9256231434534816
9,Aruba,9.106849625337386,0.0004982918404711123,0.01028010041335573,0.7543595246719499,-0.5866381042836378,-0.5348477401864589,-0.3671263197981468
10,Australia,15.152389405117773,0.011250158631791293,0.21550450113954672,1.7995148728846897,4.831513799617654,1.4029020230705438,8.033930695572888
11,Austria,7.354798641210074,0.0015846365476754572,0.043796361138771014,0.45146424598625184,-0.0392000865076013,-0.21838378143632894,0.19388037804232158
12,Azerbaijan,3.569556411697507,0.0013155056448043156,0.06284558654489987,-0.20292995280595047,-0.1748223130559367,-0.03851904853741771,-0.41627131439930487
13,The Bahamas,5.083815618577478,0.0007036471214662135,0.030481754440092955,0.05885578780635827,-0.48315411138316633,-0.34410165848666174,-0.7683999820634698
14,Bahrain,19.10793766052147,0.0006330764989847647,0.6325323732300617,2.48335164591787,-0.518716526727266,5.340521806856015,7.305156926046619
15,Bangladesh,0.5358497012883816,0.0006178223036371102,0.023963615298207782,-0.7273983888416412,-0.5264035218481596,-0.40564659434404915,-1.65944850503385
16,Barbados,4.364506164011328,0.0007933840565201224,0.026175238122479336,-0.06549871995392482,-0.43793328090328054,-0.3847642256345712,-0.8881962264917767
17,Belarus,6.97594593161787,0.010667630405378783,0.06134689911087265,0.38596803720445083,4.537962318719365,-0.05266980843831809,4.871260547485498
18,Belgium,9.309766831650522,0.0029196159004663894,0.0593752508495584,0.7894399328981723,0.6335315481358165,-0.07128631280168145,1.3516851682323072
19,Belize,1.5571916893939792,0.001520156203378474,0.04451011081854968,-0.5508283752271457,-0.0716934485439453,-0.21164448402275704,-0.834166307793848
20,Benin,0.600749052629569,0.000844909792848533,0.021957035456012023,-0.7161785628838931,-0.41196809068970136,-0.4245929262637062,-1.5527395798373007
21,Bhutan,2.281864751947261,0.0008349341815204383,0.047653051584052405,-0.4255466047611872,-0.41699506680081994,-0.18196851614207,-1.024510187704077
22,Bolivia,1.8482420593603548,0.0026421341434258315,0.09922384994104802,-0.5005114702276877,0.4937011038616298,0.3049682318939033,0.2981578655278454
23,Bosnia and Herzegovina,6.586135408391858,0.0013629482881384795,0.060113219233740835,0.31857743719518694,-0.15091470209905394,-0.0643183399062529,0.1033443951898801
24,Botswana,2.870430842017795,0.0032281434880919503,0.06369365536309933,-0.3237950624305493,0.7890068129195099,-0.030511496092987915,0.4347002543959727
25,Brazil,2.3276201766644244,0.0028992390950508444,0.09754555043648422,-0.4176363885365202,0.62326313343161,0.28912155646868515,0.49474830136377496
26,British Virgin Islands,5.760342838305588,0.000494478325366738,0.008435800230756553,0.1758140856038819,-0.5885598360651366,-0.5522618109770688,-0.9650075614383236
27,Brunei,22.40292994745253,0.0009774934718633857,0.45585252628524847,3.05299123749307,-0.3451556452955228,3.6722926373316196,6.380128229529166
28,Bulgaria,6.141791890922441,0.0020452744817617483,0.047145746829157884,0.24175915121184802,0.19292763121985626,-0.18675853947856183,0.24792824295314245
29,Burkina Faso,0.2166582167570265,0.0016459596886595283,0.037933766863797444,-0.7825803410434393,-0.008297723269221262,-0.2737389956711053,-1.0646170599837659
30,Burundi,0.05457880786589117,0.0004972648821870363,0.013625056031806576,-0.8106006944293008,-0.5871556159018607,-0.5032643274206147,-1.9010206377517762
31,Cape Verde,1.3012559479833754,0.0004690109628467688,0.012025167979103715,-0.5950746491212863,-0.6013935180110764,-0.518370633904603,-1.7148388010369657
32,Cambodia,0.909896002792595,0.0010456818176428956,0.05706082493127404,-0.6627331138228861,-0.31079372260062976,-0.09313935883013569,-1.0666661952536516
33,Cameroon,0.4083464254753617,0.0008520084363414442,0.0350997479856538,-0.749441206436907,-0.4083908952591104,-0.3004980915230435,-1.4583301932190609
34,Canada,16.336677480327257,0.004438052456721371,0.11273266817611133,2.004255071562983,1.3987121514583838,0.43251987411699644,3.8354870971383637
35,Central African Republic,0.06467403891826537,0.00567190339916542,0.08603939718692466,-0.8088554268253855,2.0204824879668757,0.1804792816883092,1.3921063428297993
36,Chad,0.10010119064021826,0.005424459168391095,0.1300455005412001,-0.8027307665894242,1.8957887528136814,0.5959894064827815,1.6890473927070389
37,Chile,4.565958901582498,0.0013084974694475562,0.04646981383796443,-0.030671489672718332,-0.17835391918434912,-0.1931407678540766,-0.4021661767111441
38,China,7.658884588386702,0.0011092455796700247,0.039771320097000885,0.5040347468157963,-0.2787622507705988,-0.2563886302661514,-0.031116134220953884
39,Hong Kong S.A.R.,5.777782827233109,0.0002789928029667629,0.02588551444185066,0.1788291179027896,-0.6971487272888561,-0.3874998262335331,-0.9058194356195995
40,Macao S.A.R,3.357685436511411,0.0001720453892603738,0.00608625925704042,-0.23955829219549643,-0.7510423761255752,-0.5744464169472693,-1.565047085268341
41,"China, mainland",7.594306590479726,0.0011188723176978363,0.040088226147569496,0.49287047656898003,-0.2739110812029239,-0.25339637095248746,-0.03443697558643133
42,Taiwan,12.227049144226093,0.0008217966773840801,0.0261466392511059,1.2937808722188209,-0.42361540487145,-0.38503425910055866,0.4851312082468122
43,Colombia,1.936357235991075,0.0014336456341128667,0.06484036424242964,-0.4852780830581383,-0.11528842741332926,-0.019684153673741964,-0.6202506641452096
44,Comoros,0.32573201788453887,0.0003015536259215033,0.026492020615396107,-0.7637236184428225,-0.6857797280054491,-0.38177313296488213,-1.8312764794131537
45,Republic of Congo,1.113386522704575,0.0011373882525139395,0.10866319847118082,-0.6275535909111498,-0.26458040873241206,0.3940955253095095,-0.4980384743340524
46,Cook Islands,4.277864719179273,0.0006897351185301108,0.03426650437605054,-0.08047732777749136,-0.49016474001708654,-0.30836566283294026,-0.8790077306275181
47,Costa Rica,1.7211779078205673,0.001247615922601748,0.03902253124247381,-0.5224783718420126,-0.20903375138068617,-0.2634587711483031,-0.9949708943710018
48,Ivory Coast,0.49898038706223596,0.0004949245288732386,0.021069504700480756,-0.7337723707112622,-0.5883349822397317,-0.43297308235298415,-1.7550804353039782
49,Croatia,4.540336042552732,0.0020818005593097925,0.03951123486805024,-0.035101179845468074,0.21133409406487091,-0.25884438157565653,-0.08261146735625369
50,Cuba,2.311609725214252,0.0012296433586705935,0.046998819940672176,-0.42040428182148604,-0.21809060479707926,-0.1881458381739013,-0.8266407247924666
51,Cyprus,5.7719240813533625,0.0010513352548466525,0.02566130989448086,0.17781625555912992,-0.30794480509229066,-0.3896167884809542,-0.5197453380141149
52,Czech Republic,9.868468577760906,0.002103840176834549,0.04120934714801037,0.8860285154356732,0.22244044405698726,-0.24281063190050592,0.8656583275921546
53,North Korea,0.9603150367836617,0.00038257442064167736,0.028354164725386377,-0.654016650951576,-0.6449511926739762,-0.36419057798839893,-1.6631584216139512
54,Democratic Republic of the Congo,0.04140670020349108,0.0006040486589585824,0.020684462170196812,-0.8128778936988574,-0.533344428072823,-0.4366086932708937,-1.7828310150425741
55,Denmark,5.523784371127542,0.0033141565190128266,0.05959806030708105,0.1349177626712216,0.8323510689719088,-0.06918252313515942,0.898086308507971
56,Djibouti,0.38289894608200165,0.0009195060906282455,0.03935714974867527,-0.7538405769075897,-0.3743770303944398,-0.2602992690185422,-1.3885168763205715
57,Dominica,2.4100927664741683,0.0008062352625559494,0.03172274543580476,-0.40337849404562653,-0.4314572160671114,-0.33238409468998154,-1.1672198048027194
58,Dominican Republic,2.329698367874283,0.0011230286736436874,0.04114146343547754,-0.4172771100044598,-0.2718165827945653,-0.24345159685118445,-0.9325452896502094
59,Ecuador,2.559660294345119,0.0010320662034388063,0.04871157013369792,-0.3775211996819195,-0.31765499306226036,-0.1719738758277568,-0.8671500685719367
60,Egypt,2.513962703089764,0.0007812223092821805,0.02291995340500911,-0.3854214176344526,-0.4440619090969647,-0.41550095659000985,-1.244984283321427
61,El Salvador,1.1345780711121223,0.0006081567894165105,0.02005878583416901,-0.6238899875007259,-0.5312742317716499,-0.44251639317267577,-1.5976806124450516
62,Equatorial Guinea,5.201415892911948,0.00010884826551786811,0.23740545679323025,0.0791865705237324,-0.782889089163628,1.6096930843812727,0.9059905657413772
63,Eritrea,0.21971489887600013,0.0017064330316534577,0.05096601994442403,-0.7820519006095319,0.022176404139271588,-0.15068713033574382,-0.9105626268060041
64,Estonia,16.344903142462115,0.004654320091245458,0.08846989898256474,2.0056771273406313,1.507695169802218,0.20342832801239105,3.7168006251552406
65,Swaziland,0.8460499057244395,0.0012938329650784021,0.03373824140748068,-0.673770852758369,-0.18574375332288617,-0.31335357576464573,-1.1728681818459008
66,Ethiopia,0.15208688448509927,0.001501206188048931,0.035752459217871686,-0.793743458932588,-0.08124286574093002,-0.29433512536877576,-1.1693214500422937
67,Fiji,2.6145924465394845,0.0008253572376811215,0.030268575706531912,-0.3680245071207694,-0.42182114375133045,-0.3461145138733879,-1.1359601647454878
68,Finland,8.40546239017917,0.0048766911777637445,0.14399396532764894,0.6331034174099471,1.619753880087236,0.7276922363709355,2.9805495338681185
69,France,5.278960352848373,0.0021489282895272347,0.04210165816482105,0.09259248794038492,0.24516154434316334,-0.23438534009573928,0.103368692187809
70,Gabon,2.7113428211159425,0.0009987627804957271,0.18962692722485094,-0.35129826345790094,-0.33443747446085276,1.1585633257741659,0.47282758785541223
71,Gambia,0.2688844933731874,0.000558996709907416,0.021270751224172935,-0.7735514413403591,-0.5560473045373173,-0.4310728921111761,-1.7606716379888525
72,Georgia,2.5209916961025365,0.0016444235319067154,0.03170262371349235,-0.3842062424958455,-0.009071833551322515,-0.3325740860482665,-0.7258521620954346
73,Germany,8.790000508584805,0.0016023473360144533,0.029808265217228923,0.6995825219536794,-0.030275148780881028,-0.3504608125518848,0.3188465606209136
74,Ghana,0.6080210644152158,0.0006186104136937098,0.021335067192158403,-0.7149213745621066,-0.5260063722101921,-0.43046561416909673,-1.6713933609413956
75,Greece,6.29181180466481,0.0015160903921286307,0.04271888678469682,0.2676946542269232,-0.07374231906957583,-0.22855740439312539,-0.03460506923577805
76,Grenada,2.405735484824111,0.00038165432787800197,0.016148492260214385,-0.4041317826494759,-0.6454148519115793,-0.47943778468549764,-1.5289844192465527
77,Guatemala,0.8884180200847754,0.0009801974768690845,0.03760766653119825,-0.6664462361103246,-0.34379302518925314,-0.2768180683352531,-1.2870573296348309
78,Guinea,0.27676922665191755,0.0017030371655160901,0.05638002928586085,-0.7721883254804557,0.020465136790570295,-0.09956750088370121,-0.8512906895735867
79,Guinea Bissau,0.1960825058248115,0.0014778007797584878,0.039187149829476534,-0.7861374782234819,-0.09303747405888524,-0.2619044256276755,-1.1410793779100425
80,Guyana,3.2540782213938897,0.0025240797745170675,0.09028801523588377,-0.25746994920843547,0.4342103646177941,0.220595167467038,0.39733558287639664
81,Haiti,0.3081066370419365,0.0005374658306288872,0.033215366539292315,-0.7667707013705609,-0.5668972877839294,-0.31829061370194667,-1.6519586028564373
82,Holy See,8.401489757914337,0.0005586592178770949,0.021229050279329607,0.6324166271464937,-0.5562173757558441,-0.43146663669374924,-0.3552673853030996
83,Honduras,1.050490919395273,0.0010817075723614678,0.03509271560373129,-0.6384270081033815,-0.29263938574858755,-0.3005644919917853,-1.2316308858437544
84,Hungary,5.26049680259254,0.002871120308810295,0.029842738983167354,0.08940050194743526,0.6090933284887495,-0.35013530773106727,0.34835852270511747
85,Iceland,11.395000934987221,0.0037883982252242547,0.06303485519031239,1.1499360432152426,1.0713340896221624,-0.03673195464632915,2.1845381781910755
86,India,1.9541223810601958,0.0006943793311774515,0.02275306083154192,-0.48220683763471617,-0.48782439762950924,-0.4170767733232104,-1.3871080085874359
87,Indonesia,2.241599867940177,0.0009903393361339133,0.050336029171543395,-0.4325076140999924,-0.33868227231709225,-0.15663556759117667,-0.9278254540082613
88,Iran,8.619726873325357,0.0010979978617003834,0.09911568142993839,0.6701455474181314,-0.28443027528341674,0.3039468937584142,0.6896621658931288
89,Iraq,6.121845644445649,0.0006244681663533766,0.14287391939532948,0.23831083609998452,-0.5230544947044944,0.7171166482220162,0.43237298961750625
90,Ireland,7.642508326081647,0.006852032689165617,0.14511794067109637,0.5012036120031355,2.615181053673263,0.7383049264212664,3.8546895920976647
91,Israel,8.116849522431488,0.0008769130145475371,0.05068440390644669,0.5832079087742461,-0.39584081531093496,-0.15334617774428294,0.03402091571902821
92,Italy,5.640289307698184,0.0010058849391068503,0.02902854122400888,0.15505918295551857,-0.3308484291361938,-0.35782304617479493,-0.5336122923554701
93,Jamaica,2.875702166023255,0.0005476139247146437,0.013696358427859386,-0.3228837538167353,-0.5617833930195247,-0.5025910829107899,-1.38725822974705
94,Japan,9.249312820047507,0.0005690286105201639,0.00862501390628456,0.7789886190619573,-0.5509919627571729,-0.5504752361172471,-0.32247857981246275
95,Jordan,1.9130266021597793,0.0005285727875072958,0.02066544835903714,-0.4893114924168072,-0.5713787289565104,-0.4367882236188587,-1.4974784449921763
96,Kazakhstan,15.603333977232511,0.0021761184898192636,0.1333529074367334,1.8774743518495842,0.2588634101064784,0.6272182803697857,2.7635560423258485
97,Kenya,0.34614787442288103,0.0012358021403349017,0.03790476201534137,-0.7601941169546746,-0.21498703076218495,-0.2740128624141933,-1.249194010131053
98,Kiribati,0.5768233533179018,0.00019384758835605794,0.008521114664529164,-0.7203148474021014,-0.7400556676002353,-0.5514562633752228,-2.0118267783775594
99,Kuwait,25.810800324748648,0.000834571601633935,0.28975695968553583,3.6421452387220867,-0.41717778045794596,2.1040013244187694,5.32896878268291
100,Kyrgyzstan,1.8846326516905134,0.0010676639199780702,0.04182949320751334,-0.4942202499919528,-0.29971635604366786,-0.23695514943480275,-1.0308917554704233
101,Laos,2.8252615127981593,0.0013574372773224963,0.05361228407125905,-0.33160395422991795,-0.15369184715903045,-0.12570083403206245,-0.6109966354210108
102,Latvia,3.7044254325465094,0.003992085264229217,0.04758962198354024,-0.1796137422468876,1.1739774109731744,-0.1825674249118898,0.8117962438143971
103,Lebanon,3.228117127685693,0.0007182684660095829,0.02399056670832466,-0.2619581135284062,-0.4757860266298091,-0.40539211637559797,-1.1431362565338132
104,Lesotho,1.1403051022808286,0.0009822489998939953,0.027119671958861103,-0.622899896049277,-0.3427592081229655,-0.3758467848410549,-1.3415058890132974
105,Liberia,0.2846980329452073,0.00036202872709505135,0.01900222338528459,-0.7708175902600722,-0.6553047146034415,-0.4524925637837113,-1.878614868647225
106,Libya,8.053668896181154,0.0010498019927466036,0.11443632113591774,0.572285216701353,-0.30871745668180495,0.44860593945745014,0.7121736994769983
107,Liechtenstein,3.449629396820408,0.00029857782666771433,0.006251800633823106,-0.22366298336398316,-0.6872793124688246,-0.5728833583512407,-1.4838256541840484
108,Lithuania,5.618929338332647,0.007676814105630903,0.05112724468452029,0.15136646286215036,3.0308103661133483,-0.1491648298644197,3.033011999111079
109,Luxembourg,15.819697884401222,0.00195735245010388,0.035480076918901225,1.9148794311270212,0.1486213788761684,-0.29690698687002876,1.766593823133161
110,Madagascar,0.15428430798589657,0.0009436671934756883,0.034279228001849474,-0.7933635674741233,-0.3622016074717054,-0.30824552505793684,-1.4638107000037655
111,Malawi,0.08062986899470123,0.0008639210082076414,0.01565533709028961,-0.806096976505476,-0.4023878331685995,-0.4840942061947784,-1.6925790158688538
112,Malaysia,8.385083726112232,0.0009778923729487617,0.06315095484710134,0.6295803457712115,-0.34495462841937036,-0.035635729822863026,0.24898998752897808
113,Maldives,3.160499675349867,0.00033649271681115983,0.012224608888471449,-0.27364784587913366,-0.6681729899851088,-0.5164874924577596,-1.458308328322002
114,Mali,0.18399243354343356,0.002317839333996111,0.04996661532801406,-0.78822761478125,0.33028031626822235,-0.16012361085167515,-0.6180709093647028
115,Malta,4.676825621559605,0.00031815389372358044,0.012259502915054538,-0.011504806540399789,-0.677414411140688,-0.5161580194929893,-1.205077237174077
116,Marshall Islands,3.3703711757159325,0.00021309443562591055,0.010543825697449391,-0.2373651765005205,-0.7303566688865017,-0.5323576191043211,-1.5000794644913433
117,Mauritania,0.8097947133873695,0.002542550282013865,0.07332458849952887,-0.6800386649888505,0.4435181450527774,0.06042475875304052,-0.17609576118303252
118,Mauritius,3.555441989654009,0.000853416871175353,0.017755625564988213,-0.20537005976464287,-0.4076811474520576,-0.46426306779107285,-1.0773142750077733
119,Mexico,3.9396402632766994,0.0031561528432696726,0.04864304079686705,-0.13894970772364726,0.7527288105151467,-0.17262093682903296,0.44115816596246654
120,Micronesia (Federated States of),1.3612310577035762,0.0005012215020418465,0.01821345184757818,-0.5847061280351524,-0.585161769826995,-0.4599402252462179,-1.6298081231083652
121,Monaco,2.4683356288314564,0.00046990196872721373,0.016722028680223607,-0.39330944458017925,-0.6009445164282613,-0.4740223951988697,-1.4682763562073102
122,Mongolia,11.611555152969778,0.014966414253390733,0.39450007917215946,1.1873740235027064,6.704233938580663,3.0929965621673285,10.984604524250699
123,Montenegro,3.724187788520164,0.0013196506481063575,0.05492220348243343,-0.1761972181991541,-0.17273353554701465,-0.1133324410928842,-0.462263194839053
124,Morocco,1.7657777628959601,0.000861017062940987,0.02996608086766712,-0.5147679309617024,-0.40385120849501727,-0.3489707010534822,-1.2675898405102017
125,Mozambique,0.3391803079118259,0.001159401898009501,0.03366173894549182,-0.7613986726549635,-0.25348714673721395,-0.31407591982842636,-1.328961739220604
126,Myanmar,0.511965838158931,0.0014305164617166586,0.06355509646125868,-0.7315274407038447,-0.11686530068614896,-0.0318197834033117,-0.8802125247933054
127,Namibia,1.7818995045060027,0.00411363938678461,0.07599867812842939,-0.5119807977891453,1.23523176924724,0.0856737862906743,0.8089247577487692
128,Nauru,4.267192217376719,0.0001677289500167729,0.01274740020127474,-0.08232239418083481,-0.7532175447692818,-0.511551243458943,-1.3470911824090597
129,Nepal,0.4679599667615122,0.0008618882458278598,0.03668703005804388,-0.7391351934470488,-0.4034121962463753,-0.2855108119933564,-1.4280582016867807
130,Netherlands,10.07824116127914,0.0025584804202141817,0.04804899236042583,0.9222940840298559,0.45154576577154737,-0.17823000287090673,1.1956098469304965
131,New Zealand,7.668081147027008,0.01050084261198555,0.2752149931611404,0.5056246515717315,4.453913509534845,1.9666945904717943,6.926232751578372
132,Nicaragua,0.8126613892112468,0.001731405444694368,0.061286536858933635,-0.6795430729196463,0.03476066786655725,-0.05323975498946206,-0.6980221600425511
133,Niger,0.10641333339357147,0.0017511006084140813,0.04114913909509379,-0.8016395208119315,0.04468558517410412,-0.24337912248872268,-1.00033305812655
134,Nigeria,0.7329086250506667,0.0007294406667698216,0.04476664907669165,-0.693330762858593,-0.4701560572491689,-0.20922222357408743,-1.3727090436818494
135,Niue,4.112347641759406,0.0005829358770535241,0.025437201907790145,-0.10909198668098462,-0.5439837209226834,-0.39173283899257605,-1.044808546596244
136,Macedonia,3.518633389023185,0.0009224075238550815,0.031564506307337,-0.21173354544348988,-0.3729149209517601,-0.33387820471121377,-0.9185266711064638
137,Norway,10.34392280585507,0.0028019772905246675,0.1617339128666948,0.9682252335823244,0.574250320903482,0.895194633855538,2.4376701883413445
138,Oman,17.017458869584324,0.0009686476684016651,0.27631478343381893,2.1219488318993958,-0.34961328114591755,1.977078922612486,3.749414473365964
139,Pakistan,1.1459441366614567,0.0010375527486437208,0.03466055038932314,-0.6219250175179373,-0.3148901768750057,-0.30464504010859816,-1.2414602345015413
140,Palau,13.754422301836094,0.004388714733542319,0.05894536497984773,1.5578337579068315,1.3738495593183342,-0.07534533911293757,2.856337978112228
141,Panama,2.635132782986876,0.0010283163935941497,0.039257980603828575,-0.36447348549588815,-0.319544622067476,-0.2612356342181437,-0.9452537417815079
142,Papua New Guinea,0.8752595472272247,0.0006883850076753412,0.03777218627009504,-0.6687210781893359,-0.490845096818396,-0.27526465614854284,-1.4348308311562747
143,Paraguay,1.0995888925722856,0.005042145922107333,0.1454936331038867,-0.6299389307568414,1.7031309303682542,0.7418522527631676,1.8150442523745802
144,Peru,1.7295713841758016,0.0009679901318919199,0.042533529433537706,-0.521027304274463,-0.34994463129759884,-0.23030756744418346,-1.1012795030162452
145,Philippines,1.3110576224654376,0.00043554026866420486,0.030036761193608083,-0.593380131695294,-0.6182602918402088,-0.34830333019322207,-1.5599437537287248
146,Poland,8.482181761712699,0.002587903152261349,0.06091461441866022,0.6463666932117151,0.4663726637189839,-0.056751484676768174,1.0559878722539309
147,Portugal,4.925297635967924,0.0011830218851905789,0.03865132920012809,0.03145113522820795,-0.24158440640391718,-0.2669636987647594,-0.47709696994046863
148,Qatar,40.914707568351396,0.0009106411463054607,1.076379931269093,6.25331479670885,-0.37884431183427786,9.531375806034333,15.405846290908904
149,South Korea,13.13043158548597,0.0008935539864039832,0.02663644878078987,1.4499579919397234,-0.387454986589586,-0.3804094274683179,0.6820935778818196
150,Moldova,2.080445293629173,0.001322220089711847,0.0269413085401948,-0.4603680817117383,-0.17143872552035172,-0.3775309104668154,-1.0093377176989056
151,Romania,4.01706899086913,0.0020271250005674053,0.0426178430189185,-0.12556379816116384,0.18378162448479,-0.22951146995512822,-0.17129364363150207
152,Russia,13.135392245421086,0.0019376797590134748,0.11163606741158548,1.4508155928241293,0.1387077861247786,0.4221656576382138,2.0116890365871214
153,Rwanda,0.09224526899869516,0.0004940548083724231,0.012797259581378841,-0.8040889014819012,-0.5887732575531087,-0.5110804660969384,-1.9039426251319482
154,"Saint Helena, Ascension and Tristan da Cunha",2.1198830409356724,0.0001644736842105263,0.0120796783625731,-0.4535500680983455,-0.7548579598681797,-0.5178559412935437,-1.726263969260069
155,Saint Kitts and Nevis,5.3308138439312405,0.0006030024496974519,0.031031594815853936,0.10155694033056156,-0.5338716407708681,-0.338910009471292,-0.7712247099115985
156,Saint Lucia,2.0531649127540925,0.0004705207771181867,0.015185397553516817,-0.46508432492764296,-0.6006326824066189,-0.4885314233234645,-1.5542484306577264
157,Saint Vincent and the Grenadines,2.5188400566104043,0.00035523978685612787,0.018364187270257692,-0.3845782187964811,-0.6587258423196714,-0.4585169659818316,-1.501821027097984
158,Samoa,1.5019956986375842,0.000991411581251401,0.03427594527446221,-0.5603706803049965,-0.33814193945792265,-0.30827652090538477,-1.206789140668304
159,San Marino,5.019235273451224,0.00033961822227427096,0.014041456845063825,0.047691111771329356,-0.6665979645774949,-0.4993326283904112,-1.1182394811965768
160,Sao Tome and Principe,0.5679839503368915,0.00032458929517753044,0.012508990082519494,-0.721843006944035,-0.6741714410298384,-0.5138023361630334,-1.9098167841369067
161,Saudi Arabia,18.21342102961343,0.0009346814691691302,0.12337875637173461,2.3287072510557887,-0.36672975316067663,0.5330413267692367,2.4950188246643488
162,Senegal,0.6908547587661668,0.0011583887905861922,0.02583421835723085,-0.7006010521729186,-0.25399767853796956,-0.38798416910638994,-1.342582899817278
163,Republic of Serbia,7.4519378870991995,0.0017034180820676536,0.047397057608889535,0.46825771787803055,0.020657090781364473,-0.18438563741523134,0.3045291712441637
164,Seychelles,4.160483409472265,0.0007904869981862446,0.02374564747189649,-0.10077025580201782,-0.4393931857209337,-0.40770466883391393,-0.9478681103568654
165,Sierra Leone,0.1503444540399968,0.000581470119182866,0.027217370807633007,-0.7940446910086183,-0.5447223553339632,-0.37492430232723906,-1.7136913486698206
166,Singapore,8.21554665487553,0.00023926238666982427,0.03534740599294492,0.6002707087201093,-0.7171699417328288,-0.29815967931036835,-0.4150589123230878
167,Slovakia,6.561496820578163,0.002143243349927342,0.04142756820816836,0.3143179082260751,0.24229675193877928,-0.240750166350783,0.3158644938140714
168,Slovenia,6.709197482910114,0.0013700874295558623,0.05678960874181595,0.33985245812467996,-0.1473170986862178,-0.09570020980620977,0.09683514963225237
169,Solomon Islands,0.47326579183282796,0.00017671623316834763,0.011661754511573016,-0.7382179202750958,-0.7486886135368084,-0.5218020210017521,-2.0087085548136563
170,Somalia,0.04583062046081868,0.0014805762653838852,0.0568753976842916,-0.8121130845857859,-0.0916388329654486,-0.0948901818447002,-0.9986420993959347
171,South Africa,8.784499587414533,0.0011984345557832727,0.05440077879812105,0.6986315204896852,-0.2338175513882447,-0.11825578624583569,0.3465581828556049
172,South Sudan,0.1714616247354942,0.0072733243940619864,0.12238490960699752,-0.790393946046963,2.827481159067501,0.5236573240567499,2.560744537077288
173,Spain,5.955713453246742,0.0016793645876928263,0.03742759639710538,0.20958983607901582,0.008535894632649213,-0.27851830894247825,-0.06039257823081323
174,Sri Lanka,1.0310133447880074,0.00034057266883248975,0.020500284745033875,-0.6417942990339748,-0.6661169935482816,-0.4383477153401209,-1.7462590079223774
175,Sudan,0.560012546947778,0.0023669054109045633,0.058806705645476486,-0.723221106367474,0.3550060186209628,-0.07665457471747826,-0.4448696624639895
176,Suriname,4.9788147511853325,0.0012610427562045762,0.05685505671913291,0.040703195627754866,-0.20226761248959996,-0.09508224331634392,-0.256646660178189
177,Sweden,4.2760013532372305,0.0028449569182088536,0.044243309928522066,-0.08079946723086431,0.5959088994634428,-0.21416364529041512,0.30094578694216345
178,Switzerland,3.948479722786036,0.0009706341020436592,0.024573353907024236,-0.13742153840907384,-0.34861226435244014,-0.39988938009125125,-0.8859231828527652
179,Syria,1.9613661556649216,0.0006414112153627108,0.018065211597115324,-0.48095453096812235,-0.5145164412641442,-0.4613399248395562,-1.4568108970718228
180,Tajikistan,0.7591914753204708,0.0007389025487361489,0.030616811851537647,-0.688786973134864,-0.46538796303954466,-0.34282643260646917,-1.4970013687808779
181,Thailand,4.371249936839044,0.0012165636722473161,0.05547759932185167,-0.0643328537956054,-0.22468180698291018,-0.10808833682195733,-0.3971029976004729
182,East Timor,0.46169616712036743,0.0007754518185672566,0.12283140956298119,-0.7402180816478627,-0.4469698129856875,0.5278732222683665,-0.6593146723651836
183,Togo,0.4321288322797517,0.0007875050067238919,0.024166317557839698,-0.7453296943849786,-0.4408958906030484,-0.40373265889473847,-1.5899582438827655
184,Tonga,1.594826438421303,0.0015501664289110794,0.03263813599619591,-0.5443220646812938,-0.056570496989406166,-0.3237408834762612,-0.9246334451469612
185,Trinidad and Tobago,35.15629932432118,0.0007174809215602484,0.37902777214730554,5.257798863860397,-0.4761828912432187,2.9469054581448035,7.728521430761981
186,Tunisia,2.1277057541325806,0.00095452617652114,0.02939829838848287,-0.4521976742951275,-0.35672947683578243,-0.3543317612428535,-1.1632589123737636
187,Turkey,5.041709818017551,0.0021494166887334304,0.04196358298096552,0.051576520073612436,0.24540766170494555,-0.23568906009141705,0.06129512168714096
188,Turkmenistan,13.315601182245997,0.0035238693198062477,0.2836267404179938,1.481970186289583,0.9380309321012241,2.0461191676559305,4.466120286046738
189,Turks and Caicos Islands,5.745004459228191,0.0002723744787523802,0.00968978234145636,0.17316238046098098,-0.7004838770483139,-0.5404215837451277,-1.0677430803324608
190,Tuvalu,1.0714864242982052,0.0004233778186838472,0.03227795674183157,-0.63479729677287,-0.6243892741645041,-0.3271417328021937,-1.5863283037395677
191,Uganda,0.1294218686826899,0.0010048778290559443,0.026410431600132917,-0.7976617959787591,-0.3313559387013383,-0.38254350478446686,-1.511561239464564
192,Ukraine,4.592346193172203,0.0021081309643850962,0.04421109937027406,-0.026109644091606127,0.22460268612968504,-0.2144677806729456,-0.015974738634866703
193,United Arab Emirates,21.214049762099584,0.000945540503682153,0.19584965004476393,2.847457152966556,-0.36125759658887446,1.2173189105313027,3.7035184669089842
194,United Kingdom,5.669833361263732,0.0015802644929756515,0.027896223191389253,0.1601667708164387,-0.041403281260240586,-0.3685145087488177,-0.24975101919261958
195,United Republic of Tanzania,0.20364795634283595,0.0013792957302804526,0.03534583132719439,-0.784829560095642,-0.14267679081494547,-0.29817454746529776,-1.2256808983758851
196,United States of America,15.87803159063296,0.002976196151865907,0.0729917661206258,1.924964185718014,0.6620438430510577,0.05728221584077486,2.6442902446098464
197,Uruguay,2.5562365445185673,0.007676912042513632,0.2812571599647743,-0.37811309892872136,3.030859719115754,2.023745346872452,4.676491967059485
198,Uzbekistan,3.597581675643466,0.0015159273575716366,0.07179135098714387,-0.1980849339052136,-0.07382447652302308,0.04594777348166082,-0.22596163694657587
199,Vanuatu,0.5057888044991894,0.0011920699096529409,0.04504537534729463,-0.7325953287669026,-0.23702486600793046,-0.20659046164439845,-1.1762106564192316
200,Venezuela,3.979021012549164,0.0014044084801764442,0.08051203438865195,-0.13214154795329894,-0.13002180761044685,0.12828935731338767,-0.13387399825035814
201,Vietnam,2.582804935777348,0.0009349262645587868,0.039409751931030856,-0.373519944763994,-0.3666063942470781,-0.25980259383739585,-0.999928932848468
202,Yemen,0.5491951368267233,0.0005102480754380416,0.014860268810721017,-0.7250912245791917,-0.5806130391943032,-0.4916013221374032,-1.7973055859108982
203,Zambia,0.39022436387121184,0.0024225812523095986,0.039073176767768225,-0.7525741557344312,0.38306255726349175,-0.26298057092307636,-0.6324921693940158
204,Zimbabwe,0.7554385463265664,0.0012494266612738723,0.03125044843990746,-0.6894357810084902,-0.20812127195973956,-0.3368435711886267,-1.2344006241568564
